{"cameraMode":{"drawMode":0,"name":"Shaded","section":"Shading Mode"},"sceneLighting":true,"audioPlay":false,"sceneViewState":{"m_AlwaysRefresh":false,"showFog":true,"showSkybox":true,"showFlares":true,"showImageEffects":true,"showParticleSystems":true,"showVisualEffectGraphs":true,"m_FxEnabled":true},"in2DMode":false,"pivot":{"x":62.994319915771487,"y":0.19128504395484925,"z":138.76344299316407},"rotation":{"x":-0.36288148164749148,"y":0.32216793298721316,"z":-0.13586191833019257,"w":-0.8639781475067139},"size":41.5828971862793,"orthographic":false}